{
    "End Displacement": [
        72.89489326545804,
        73.17276979368688,
        73.31452128484084,
        73.38239482011605,
        73.41653026544226,
        73.46921647644389,
        73.49849124765538,
        73.50661780935454,
        73.52856815271629,
        73.54112493085977,
        73.54660335090513
    ],
    "Number of Elements": [
        128,
        275,
        504,
        784,
        1088,
        1620,
        2200,
        2300,
        3025,
        3744,
        3888
    ],
    "Element Size": [
        11.29243234657234,
        8.320335292207616,
        6.603854497789253,
        5.768998281229633,
        5.241482788417793,
        4.5788569702133275,
        4.160167646103808,
        3.861957538422519,
        3.634241185664279,
        3.452217495988728,
        3.3019272488946263
    ],
    "E": 10,
    "Beam Angle": 90,
    "nu": 0.33,
    "rho": 0.00102,
    "g": 9.81,
    "el_order": 2,
    "L": 90,
    "W": 40
}