{
    "E": [
        11.666666666666666,
        11.666666666666666,
        11.666666666666666,
        11.666666666666666,
        11.666666666666666,
        11.666666666666666,
        11.666666666666666,
        11.666666666666666,
        11.666666666666666,
        15.0,
        15.0,
        15.0,
        15.0,
        15.0,
        15.0,
        15.0,
        15.0,
        15.0,
        18.333333333333336,
        18.333333333333336,
        18.333333333333336,
        18.333333333333336,
        18.333333333333336,
        18.333333333333336,
        18.333333333333336,
        18.333333333333336,
        18.333333333333336,
        21.666666666666668,
        21.666666666666668,
        21.666666666666668,
        21.666666666666668,
        21.666666666666668,
        21.666666666666668,
        21.666666666666668,
        21.666666666666668,
        21.666666666666668,
        25.0,
        25.0,
        25.0,
        25.0,
        25.0,
        25.0,
        25.0,
        25.0,
        25.0,
        28.333333333333336,
        28.333333333333336,
        28.333333333333336,
        28.333333333333336,
        28.333333333333336,
        28.333333333333336,
        28.333333333333336,
        28.333333333333336,
        28.333333333333336,
        31.66666666666667,
        31.66666666666667,
        31.66666666666667,
        31.66666666666667,
        31.66666666666667,
        31.66666666666667,
        31.66666666666667,
        31.66666666666667,
        31.66666666666667,
        35.0,
        35.0,
        35.0,
        35.0,
        35.0,
        35.0,
        35.0,
        35.0,
        35.0,
        38.333333333333336,
        38.333333333333336,
        38.333333333333336,
        38.333333333333336,
        38.333333333333336,
        38.333333333333336,
        38.333333333333336,
        38.333333333333336,
        38.333333333333336
    ],
    "Beam Angle": [
        10.0,
        30.0,
        50.0,
        70.0,
        90.0,
        110.0,
        130.0,
        150.0,
        170.0,
        10.0,
        30.0,
        50.0,
        70.0,
        90.0,
        110.0,
        130.0,
        150.0,
        170.0,
        10.0,
        30.0,
        50.0,
        70.0,
        90.0,
        110.0,
        130.0,
        150.0,
        170.0,
        10.0,
        30.0,
        50.0,
        70.0,
        90.0,
        110.0,
        130.0,
        150.0,
        170.0,
        10.0,
        30.0,
        50.0,
        70.0,
        90.0,
        110.0,
        130.0,
        150.0,
        170.0,
        10.0,
        30.0,
        50.0,
        70.0,
        90.0,
        110.0,
        130.0,
        150.0,
        170.0,
        10.0,
        30.0,
        50.0,
        70.0,
        90.0,
        110.0,
        130.0,
        150.0,
        170.0,
        10.0,
        30.0,
        50.0,
        70.0,
        90.0,
        110.0,
        130.0,
        150.0,
        170.0,
        10.0,
        30.0,
        50.0,
        70.0,
        90.0,
        110.0,
        130.0,
        150.0,
        170.0
    ],
    "End Displacement": [
        12.126252736692207,
        32.29961263177711,
        48.81177646321891,
        59.48390371971208,
        63.00567240798556,
        58.94812896416305,
        47.80558595789994,
        30.947942164270216,
        10.643468705146388,
        9.431529906288185,
        25.121920935753273,
        37.9647150268387,
        46.26525844853294,
        49.00441187273877,
        45.84854474977571,
        37.182122411596566,
        24.070621683256245,
        8.278253437317328,
        7.716706286980412,
        20.554298947474702,
        31.062039567471206,
        37.85339327614054,
        40.094518805038525,
        37.5124457044262,
        30.4217365186293,
        19.694145013603336,
        6.773116448720386,
        6.5295207043789,
        17.392099109438455,
        26.283264249456867,
        32.02979431065314,
        33.92613129664935,
        31.741300211512055,
        25.741469361978837,
        16.66427655001341,
        5.73109853354843,
        5.658917943767649,
        15.073152561431085,
        22.778829016069324,
        27.75915506907689,
        29.402647123596676,
        27.50912684982084,
        22.309273446920553,
        14.442373009928202,
        4.966952062380146,
        4.993162891583994,
        13.299840495456674,
        20.098966779003412,
        24.493372119920537,
        25.943512168036587,
        24.272758985284376,
        19.684653041522374,
        12.743270302958203,
        4.382604760952173,
        4.467566797724127,
        11.899857285377252,
        17.98328606537428,
        21.915122423024467,
        23.212616150281203,
        21.717731723611514,
        17.61258430025637,
        11.401873428926926,
        3.921277943996301,
        4.04208424555569,
        10.766537543902679,
        16.270592154371734,
        19.827967906528745,
        21.00189080261759,
        19.649376321346455,
        15.93519531926681,
        10.315980721402381,
        3.547822901709311,
        3.69059865898292,
        9.83031688790509,
        14.855758053982939,
        18.103796784211713,
        19.175639428466432,
        17.940734902089428,
        14.549526161062255,
        9.4189389195369,
        3.2393165624293574
    ],
    "Element size": 3.861957538422519,
    "Number of Elements": 2300,
    "nu": 0.33,
    "rho": 0.00102,
    "g": 9.81,
    "el_order": 2,
    "L": 90,
    "W": 40
}