{
    "E": [
        10.0,
        10.0,
        40.0,
        40.0
    ],
    "Beam Angle": [
        0.0,
        180.0,
        0.0,
        180.0
    ],
    "End Displacement": [
        8.256773067303596,
        8.256773067303603,
        2.064193266825936,
        2.0641932668259386
    ],
    "Mesh size": 10,
    "Number of Elements": 1920,
    "Number of Layers": 10
}