{
    "E": [
        10.0,
        10.0,
        40.0,
        40.0
    ],
    "Beam Angle": [
        0.0,
        180.0,
        0.0,
        180.0
    ],
    "End Displacement": [
        8.256773067303596,
        8.256773067303603,
        2.064193266825936,
        2.0641932668259386
    ],
    "Mesh size": 10,
    "Number of Elements": 1920,
    "nu": 0.33,
    "rho": 0.00102,
    "g": 9.81,
    "el_order": 2,
    "L_1": 90,
    "W_1": 40,
    "L_2": 20,
    "W_2": 5,
    "num_layers": 10
}