{
    "End Displacement": [
        42.333621561522904,
        43.293806615736024,
        43.581322389593,
        43.65373147617558,
        43.67031063037064,
        43.67596860502077,
        43.70915066349998
    ],
    "Number of Elements": [
        210,
        600,
        1920,
        2700,
        3150,
        4050,
        5250
    ],
    "Mesh Size": [
        50,
        25,
        10,
        9,
        8,
        7,
        6
    ],
    "E": 10,
    "Beam Angle": 90,
    "nu": 0.33,
    "rho": 0.00102,
    "g": 9.81,
    "el_order": 2,
    "L_1": 90,
    "W_1": 40,
    "L_2": 20,
    "W_2": 5,
    "num_layers": 10
}