{
    "End Displacement": [
        37.339768727445005,
        38.10470102409787,
        38.336753375323596,
        38.39160792730553,
        38.4045428435397,
        38.40915392743009,
        38.4330573532276,
        38.44114501543607
    ],
    "Number of Elements": [
        210,
        600,
        1920,
        2700,
        3150,
        4050,
        5250,
        7350
    ],
    "Mesh Size": [],
    "E": 10,
    "Beam Angle": 90,
    "nu": 0.33,
    "rho": 0.00102,
    "g": 9.81,
    "el_order": 2,
    "num_steps": 10,
    "L_1": 90,
    "W_1": 40,
    "L_2": 20,
    "W_2": 5,
    "num_layers": 10
}