{
    "E": [
        10.0,
        10.0,
        10.0,
        10.0,
        10.0,
        10.0,
        10.0,
        10.0,
        10.0,
        10.0,
        13.333333333333334,
        13.333333333333334,
        13.333333333333334,
        13.333333333333334,
        13.333333333333334,
        13.333333333333334,
        13.333333333333334,
        13.333333333333334,
        13.333333333333334,
        13.333333333333334,
        16.666666666666668,
        16.666666666666668,
        16.666666666666668,
        16.666666666666668,
        16.666666666666668,
        16.666666666666668,
        16.666666666666668,
        16.666666666666668,
        16.666666666666668,
        16.666666666666668,
        20.0,
        20.0,
        20.0,
        20.0,
        20.0,
        20.0,
        20.0,
        20.0,
        20.0,
        20.0,
        23.333333333333336,
        23.333333333333336,
        23.333333333333336,
        23.333333333333336,
        23.333333333333336,
        23.333333333333336,
        23.333333333333336,
        23.333333333333336,
        23.333333333333336,
        23.333333333333336,
        26.666666666666668,
        26.666666666666668,
        26.666666666666668,
        26.666666666666668,
        26.666666666666668,
        26.666666666666668,
        26.666666666666668,
        26.666666666666668,
        26.666666666666668,
        26.666666666666668,
        30.0,
        30.0,
        30.0,
        30.0,
        30.0,
        30.0,
        30.0,
        30.0,
        30.0,
        30.0,
        33.333333333333336,
        33.333333333333336,
        33.333333333333336,
        33.333333333333336,
        33.333333333333336,
        33.333333333333336,
        33.333333333333336,
        33.333333333333336,
        33.333333333333336,
        33.333333333333336,
        36.66666666666667,
        36.66666666666667,
        36.66666666666667,
        36.66666666666667,
        36.66666666666667,
        36.66666666666667,
        36.66666666666667,
        36.66666666666667,
        36.66666666666667,
        36.66666666666667,
        40.0,
        40.0,
        40.0,
        40.0,
        40.0,
        40.0,
        40.0,
        40.0,
        40.0,
        40.0
    ],
    "Beam Angle": [
        0.0,
        20.0,
        40.0,
        60.0,
        80.0,
        100.0,
        120.0,
        140.0,
        160.0,
        180.0,
        0.0,
        20.0,
        40.0,
        60.0,
        80.0,
        100.0,
        120.0,
        140.0,
        160.0,
        180.0,
        0.0,
        20.0,
        40.0,
        60.0,
        80.0,
        100.0,
        120.0,
        140.0,
        160.0,
        180.0,
        0.0,
        20.0,
        40.0,
        60.0,
        80.0,
        100.0,
        120.0,
        140.0,
        160.0,
        180.0,
        0.0,
        20.0,
        40.0,
        60.0,
        80.0,
        100.0,
        120.0,
        140.0,
        160.0,
        180.0,
        0.0,
        20.0,
        40.0,
        60.0,
        80.0,
        100.0,
        120.0,
        140.0,
        160.0,
        180.0,
        0.0,
        20.0,
        40.0,
        60.0,
        80.0,
        100.0,
        120.0,
        140.0,
        160.0,
        180.0,
        0.0,
        20.0,
        40.0,
        60.0,
        80.0,
        100.0,
        120.0,
        140.0,
        160.0,
        180.0,
        0.0,
        20.0,
        40.0,
        60.0,
        80.0,
        100.0,
        120.0,
        140.0,
        160.0,
        180.0,
        0.0,
        20.0,
        40.0,
        60.0,
        80.0,
        100.0,
        120.0,
        140.0,
        160.0,
        180.0
    ],
    "End Displacement": [
        4.015150779949971,
        17.211899520493567,
        32.34946318190885,
        46.588053402210235,
        59.20355765534155,
        69.34899142243678,
        75.55560262899576,
        74.07501109736047,
        53.82605848518198,
        3.653787861390771,
        2.9763599359945836,
        14.083258015883562,
        26.499331067742688,
        37.87547989887739,
        47.41600927445575,
        54.084301308472206,
        56.163362272256826,
        50.44938271518698,
        31.907937698271134,
        2.7742638548951173,
        2.364463462690136,
        11.930781772760696,
        22.428839739578944,
        31.831824929664155,
        39.3452182605878,
        43.9502086477225,
        44.139153158963325,
        37.700347789181265,
        22.43526501884858,
        2.235381192842329,
        1.9612105384100027,
        10.353596517438424,
        19.43490647322089,
        27.415269038190406,
        33.535991180797225,
        36.86453677725534,
        36.162086968066156,
        29.936243539429714,
        17.2493139283739,
        1.8716560926906884,
        1.6754445684647852,
        9.14654019465434,
        17.14184790415348,
        24.05645452086456,
        29.180018950635535,
        31.67942469577349,
        30.549029652913063,
        24.768089732690385,
        13.9964124863263,
        1.60968502619652,
        1.462355178965177,
        8.192377614964556,
        15.330251807998902,
        21.42069958164263,
        25.80386613315334,
        27.740049231287568,
        26.40874636601083,
        21.09851247347449,
        11.770517338352048,
        1.4120249760026988,
        1.2973477314785318,
        7.418905426805476,
        13.863413544617663,
        19.299596047786956,
        23.11579566928731,
        24.654397016991346,
        23.238821935148586,
        18.365089546996074,
        10.153214166585231,
        1.257589589910195,
        1.1657993707756729,
        6.779114707024655,
        12.651777473400394,
        17.557111876450605,
        20.927731996085082,
        22.17640805039064,
        20.73854149106144,
        16.253059334060623,
        8.925571935755116,
        1.1336003545437678,
        1.0584706538275226,
        6.241043702249969,
        11.634259411804061,
        16.10091928480982,
        19.113597675649594,
        20.144965282921763,
        18.71832233430337,
        14.57356200155118,
        7.962197673372178,
        1.031862959959986,
        0.969237083063549,
        5.782187189293056,
        10.767785762568986,
        14.866261996137258,
        17.58599233393074,
        18.450630640095596,
        17.053277786152176,
        13.20679549203961,
        7.186194376759196,
        0.9468811672155082
    ],
    "Element size": 3.861957538422519,
    "Number of Elements": 2300,
    "nu": 0.33,
    "rho": 0.00102,
    "g": 9.81,
    "el_order": 2,
    "L": 90,
    "W": 40,
    "num_steps": 10
}