{
    "E": [
        11.666666666666666,
        11.666666666666666,
        11.666666666666666,
        11.666666666666666,
        11.666666666666666,
        11.666666666666666,
        11.666666666666666,
        11.666666666666666,
        11.666666666666666,
        15.0,
        15.0,
        15.0,
        15.0,
        15.0,
        15.0,
        15.0,
        15.0,
        15.0,
        18.333333333333336,
        18.333333333333336,
        18.333333333333336,
        18.333333333333336,
        18.333333333333336,
        18.333333333333336,
        18.333333333333336,
        18.333333333333336,
        18.333333333333336,
        21.666666666666668,
        21.666666666666668,
        21.666666666666668,
        21.666666666666668,
        21.666666666666668,
        21.666666666666668,
        21.666666666666668,
        21.666666666666668,
        21.666666666666668,
        25.0,
        25.0,
        25.0,
        25.0,
        25.0,
        25.0,
        25.0,
        25.0,
        25.0,
        28.333333333333336,
        28.333333333333336,
        28.333333333333336,
        28.333333333333336,
        28.333333333333336,
        28.333333333333336,
        28.333333333333336,
        28.333333333333336,
        28.333333333333336,
        31.66666666666667,
        31.66666666666667,
        31.66666666666667,
        31.66666666666667,
        31.66666666666667,
        31.66666666666667,
        31.66666666666667,
        31.66666666666667,
        31.66666666666667,
        35.0,
        35.0,
        35.0,
        35.0,
        35.0,
        35.0,
        35.0,
        35.0,
        35.0,
        38.333333333333336,
        38.333333333333336,
        38.333333333333336,
        38.333333333333336,
        38.333333333333336,
        38.333333333333336,
        38.333333333333336,
        38.333333333333336,
        38.333333333333336
    ],
    "Beam Angle": [
        10.0,
        30.0,
        50.0,
        70.0,
        90.0,
        110.0,
        130.0,
        150.0,
        170.0,
        10.0,
        30.0,
        50.0,
        70.0,
        90.0,
        110.0,
        130.0,
        150.0,
        170.0,
        10.0,
        30.0,
        50.0,
        70.0,
        90.0,
        110.0,
        130.0,
        150.0,
        170.0,
        10.0,
        30.0,
        50.0,
        70.0,
        90.0,
        110.0,
        130.0,
        150.0,
        170.0,
        10.0,
        30.0,
        50.0,
        70.0,
        90.0,
        110.0,
        130.0,
        150.0,
        170.0,
        10.0,
        30.0,
        50.0,
        70.0,
        90.0,
        110.0,
        130.0,
        150.0,
        170.0,
        10.0,
        30.0,
        50.0,
        70.0,
        90.0,
        110.0,
        130.0,
        150.0,
        170.0,
        10.0,
        30.0,
        50.0,
        70.0,
        90.0,
        110.0,
        130.0,
        150.0,
        170.0,
        10.0,
        30.0,
        50.0,
        70.0,
        90.0,
        110.0,
        130.0,
        150.0,
        170.0
    ],
    "End Displacement": [
        8.653019669346829,
        22.38328698321859,
        35.63986417376838,
        47.530323122732064,
        57.225089603564,
        63.474741901945464,
        63.828362965547875,
        52.81749240393311,
        21.958352347605835,
        7.1451139425664225,
        18.69134998335522,
        29.63080069422257,
        39.10467928868999,
        46.22920375301647,
        49.7199281468304,
        47.47050696288399,
        36.25922426843571,
        13.84948263433153,
        6.09617166927459,
        16.046136293459025,
        25.328666826570934,
        33.13038041853394,
        38.598259437060356,
        40.57882255800664,
        37.459192610231085,
        27.398505791382824,
        10.09458111516344,
        5.320420725843175,
        14.05650769370708,
        22.10347000644814,
        28.69876227327532,
        33.05035307399985,
        34.162695836391336,
        30.821244220686623,
        21.958701865287175,
        7.9390921904588225,
        4.72198327149393,
        12.505407686260016,
        19.599240439679477,
        25.291757340801876,
        28.858253841931212,
        29.446979512234357,
        26.135265654860365,
        18.299955662903198,
        6.541932797829963,
        4.2456823351406126,
        11.26224519836666,
        17.600303249095905,
        22.596166682996593,
        25.589468655159457,
        25.84953486088091,
        22.66463101347018,
        15.677345998320465,
        5.563044435526533,
        3.8572947453265045,
        10.243634669727639,
        15.968702900613607,
        20.41296822789761,
        22.974287966113433,
        23.021492204224927,
        19.996735459778794,
        13.70792394205146,
        4.839101338012262,
        3.5343846451186973,
        9.393808524801306,
        14.61225390511745,
        18.610243866061037,
        20.837155396785793,
        20.74322604694125,
        17.884732118722464,
        12.175830171426972,
        4.281982241159847,
        3.2615970033095523,
        8.674051134830718,
        13.46709488962873,
        17.09737053842736,
        19.059452839277103,
        18.870420805192836,
        16.172694492990782,
        10.950506617517092,
        3.8399734053566204
    ],
    "Element size": 3.861957538422519,
    "Number of Elements": 2300,
    "nu": 0.33,
    "rho": 0.00102,
    "g": 9.81,
    "el_order": 2,
    "L": 90,
    "W": 40,
    "num_steps": 10
}