{
    "End Displacement": [
        68.81449910743962,
        69.04344386106351,
        69.15827415189067,
        69.21888645002748,
        69.25475676837002,
        69.53603090738609,
        69.6619541805959,
        69.66503875368417,
        69.67800164379628,
        69.68021698234824,
        69.68213063372582
    ],
    "Number of Elements": [
        128,
        275,
        504,
        784,
        1088,
        1620,
        2200,
        2300,
        3025,
        3744,
        3888
    ],
    "Element Size": [
        11.29243234657234,
        8.320335292207616,
        6.603854497789253,
        5.768998281229633,
        5.241482788417793,
        4.5788569702133275,
        4.160167646103808,
        3.861957538422519,
        3.634241185664279,
        3.452217495988728,
        3.3019272488946263
    ],
    "E": 10,
    "Beam Angle": 100,
    "nu": 0.33,
    "rho": 0.00102,
    "g": 9.81,
    "el_order": 2,
    "L": 90,
    "W": 40,
    "num_steps": 5
}