{
    "disp": [
        62.00873752485662,
        44.317300926658966,
        34.3919967871298,
        28.186245875778738,
        24.00486608630001,
        21.051105686040312,
        18.909068040785748,
        59.87790272618218,
        42.25183048456123,
        32.421789165365134,
        26.270830217186006,
        22.08601854365642,
        19.06260218914624,
        16.779841511492055,
        59.55767618389883,
        41.9633332468888,
        32.155839795370056,
        26.021682995265472,
        21.849951983858425,
        18.83654656009304,
        16.5611373176816,
        59.370264501197305,
        41.79930015327533,
        32.00599587266351,
        25.881481065155906,
        21.716830293778,
        18.709377601668084,
        16.43847708238712,
        59.24477249965659,
        41.69183337601429,
        31.908694643325294,
        25.79061715810607,
        21.6306554536264,
        18.62689093742621,
        16.35891897159565,
        59.15386211700197,
        41.61524769795932,
        31.839922250745648,
        25.726545894712103,
        21.569899290457982,
        18.56855822449369,
        16.302779607013925
    ],
    "volume": [
        [
            143999.99999999843,
            139193.11850583158
        ],
        [
            143999.99999999843,
            136724.73817662723
        ],
        [
            143999.99999999843,
            134236.30106815737
        ],
        [
            143999.99999999843,
            131722.42357340557
        ],
        [
            143999.99999999843,
            129180.18260328485
        ],
        [
            143999.99999999843,
            126607.15428334668
        ],
        [
            143999.99999999843,
            124000.92875233109
        ],
        [
            143999.99999999843,
            143044.73334561975
        ],
        [
            143999.99999999843,
            142560.35866959445
        ],
        [
            143999.99999999843,
            142076.39568911277
        ],
        [
            143999.99999999843,
            141592.00561991692
        ],
        [
            143999.99999999843,
            141106.92687777715
        ],
        [
            143999.99999999843,
            140621.04275485277
        ],
        [
            143999.99999999843,
            140134.2983856762
        ],
        [
            143999.99999999843,
            143363.43406737316
        ],
        [
            143999.99999999843,
            143041.0009412194
        ],
        [
            143999.99999999843,
            142719.0314702335
        ],
        [
            143999.99999999843,
            142396.98357392944
        ],
        [
            143999.99999999843,
            142074.68929442324
        ],
        [
            143999.99999999843,
            141752.07412265713
        ],
        [
            143999.99999999843,
            141429.1073611289
        ],
        [
            143999.99999999843,
            143522.67052851987
        ],
        [
            143999.99999999843,
            143281.02747226084
        ],
        [
            143999.99999999843,
            143039.79920918992
        ],
        [
            143999.99999999843,
            142798.58593620066
        ],
        [
            143999.99999999843,
            142557.26214622217
        ],
        [
            143999.99999999843,
            142315.7791683327
        ],
        [
            143999.99999999843,
            142074.10955734726
        ],
        [
            143999.99999999843,
            143618.17716947218
        ],
        [
            143999.99999999843,
            143424.95128608914
        ],
        [
            143999.99999999843,
            143232.08746955017
        ],
        [
            143999.99999999843,
            143039.26999024197
        ],
        [
            143999.99999999843,
            142846.3995164826
        ],
        [
            143999.99999999843,
            142653.43814215294
        ],
        [
            143999.99999999843,
            142460.3640067077
        ],
        [
            143999.99999999843,
            143681.83454181085
        ],
        [
            143999.99999999843,
            143520.8628708485
        ],
        [
            143999.99999999843,
            143360.20885018297
        ],
        [
            143999.99999999843,
            143199.61211684634
        ],
        [
            143999.99999999843,
            143038.99048540977
        ],
        [
            143999.99999999843,
            142878.31175602
        ],
        [
            143999.99999999843,
            142717.5613050302
        ]
    ],
    "bulk_modulus": [
        100,
        100,
        100,
        100,
        100,
        100,
        100,
        500,
        500,
        500,
        500,
        500,
        500,
        500,
        750,
        750,
        750,
        750,
        750,
        750,
        750,
        1000,
        1000,
        1000,
        1000,
        1000,
        1000,
        1000,
        1250,
        1250,
        1250,
        1250,
        1250,
        1250,
        1250,
        1500,
        1500,
        1500,
        1500,
        1500,
        1500,
        1500
    ],
    "E": [
        10.0,
        15.0,
        20.0,
        25.0,
        30.0,
        35.0,
        40.0,
        10.0,
        15.0,
        20.0,
        25.0,
        30.0,
        35.0,
        40.0,
        10.0,
        15.0,
        20.0,
        25.0,
        30.0,
        35.0,
        40.0,
        10.0,
        15.0,
        20.0,
        25.0,
        30.0,
        35.0,
        40.0,
        10.0,
        15.0,
        20.0,
        25.0,
        30.0,
        35.0,
        40.0,
        10.0,
        15.0,
        20.0,
        25.0,
        30.0,
        35.0,
        40.0
    ],
    "elem_size": 13.333333333333334,
    "num_elem": 63,
    "nu": 0.5,
    "density": 0.00102,
    "W": 40,
    "L": 90,
    "rot_y": 90,
    "rot_x": 0,
    "num_steps": 20
}