{
    "disp": [
        62.00873752485662,
        63.7222617163673,
        64.20003452842855,
        64.54200883633496,
        64.60403291099261,
        64.65474949843848,
        64.70513917537306,
        59.87790272618218,
        62.27145829944523,
        63.048923323996206,
        63.70522884647808,
        63.814387490802304,
        63.90043699260562,
        63.9839834536107,
        59.55767618389883,
        62.029425662904394,
        62.85230435086651,
        63.56745794489009,
        63.6858597713802,
        63.77964439262791,
        63.87083411471301,
        59.370264501197305,
        61.8818067192993,
        62.728804914310565,
        63.45685385638776,
        63.6018589253105,
        63.701075304900044,
        63.79748029383737,
        59.24477249965659,
        61.78006556698052,
        62.64176643761807,
        63.391427080314706,
        63.54534929419515,
        63.64350960147069,
        63.74368229977342,
        59.15386211700197,
        61.70457677196602,
        62.57615405273769,
        63.34076169317803,
        63.47243119354934,
        63.578171174076786,
        63.701600841302465
    ],
    "volume": [
        [
            143999.99999999843,
            139193.11850583158
        ],
        [
            144000.00000000323,
            139198.1114678823
        ],
        [
            144000.00000000716,
            139201.28465460605
        ],
        [
            143999.99999987156,
            139204.6194338223
        ],
        [
            144000.000000017,
            139205.38268488008
        ],
        [
            144000.00000013688,
            139206.05766212833
        ],
        [
            144000.0000000054,
            139206.77650411238
        ],
        [
            143999.99999999843,
            143044.73334561975
        ],
        [
            144000.00000000323,
            143045.84287054467
        ],
        [
            144000.00000000716,
            143046.60623663617
        ],
        [
            143999.99999987156,
            143047.6163558717
        ],
        [
            144000.000000017,
            143047.822407531
        ],
        [
            144000.00000013688,
            143047.99885237278
        ],
        [
            144000.0000000054,
            143048.18430610735
        ],
        [
            143999.99999999843,
            143363.43406737316
        ],
        [
            144000.00000000323,
            143364.1894446686
        ],
        [
            144000.00000000716,
            143364.69869207358
        ],
        [
            143999.99999987156,
            143365.4023146279
        ],
        [
            144000.000000017,
            143365.5401298141
        ],
        [
            144000.00000013688,
            143365.6585326233
        ],
        [
            144000.0000000054,
            143365.78340676308
        ],
        [
            143999.99999999843,
            143522.67052851987
        ],
        [
            144000.00000000323,
            143523.2459185405
        ],
        [
            144000.00000000716,
            143523.62821227225
        ],
        [
            143999.99999987156,
            143524.1105068019
        ],
        [
            144000.000000017,
            143524.27388960336
        ],
        [
            144000.00000013688,
            143524.36324816418
        ],
        [
            144000.0000000054,
            143524.457129941
        ],
        [
            143999.99999999843,
            143618.17716947218
        ],
        [
            144000.00000000323,
            143618.6438745487
        ],
        [
            144000.00000000716,
            143618.9502941142
        ],
        [
            143999.99999987156,
            143619.33653598177
        ],
        [
            144000.000000017,
            143619.4809624842
        ],
        [
            144000.00000013688,
            143619.5484465126
        ],
        [
            144000.0000000054,
            143619.623484952
        ],
        [
            143999.99999999843,
            143681.83454181085
        ],
        [
            144000.00000000323,
            143682.21643851005
        ],
        [
            144000.00000000716,
            143682.48402306516
        ],
        [
            143999.99999987156,
            143682.8058518117
        ],
        [
            144000.000000017,
            143682.8735977703
        ],
        [
            144000.00000013688,
            143682.9188958222
        ],
        [
            144000.0000000054,
            143683.05276108198
        ]
    ],
    "bulk_modulus": [
        100,
        100,
        100,
        100,
        100,
        100,
        100,
        500,
        500,
        500,
        500,
        500,
        500,
        500,
        750,
        750,
        750,
        750,
        750,
        750,
        750,
        1000,
        1000,
        1000,
        1000,
        1000,
        1000,
        1000,
        1250,
        1250,
        1250,
        1250,
        1250,
        1250,
        1250,
        1500,
        1500,
        1500,
        1500,
        1500,
        1500,
        1500
    ],
    "elem_size": [
        13.333333333333334,
        8.0,
        5.714285714285714,
        4.0,
        3.6363636363636362,
        3.3333333333333335,
        3.076923076923077,
        13.333333333333334,
        8.0,
        5.714285714285714,
        4.0,
        3.6363636363636362,
        3.3333333333333335,
        3.076923076923077,
        13.333333333333334,
        8.0,
        5.714285714285714,
        4.0,
        3.6363636363636362,
        3.3333333333333335,
        3.076923076923077,
        13.333333333333334,
        8.0,
        5.714285714285714,
        4.0,
        3.6363636363636362,
        3.3333333333333335,
        3.076923076923077,
        13.333333333333334,
        8.0,
        5.714285714285714,
        4.0,
        3.6363636363636362,
        3.3333333333333335,
        3.076923076923077,
        13.333333333333334,
        8.0,
        5.714285714285714,
        4.0,
        3.6363636363636362,
        3.3333333333333335,
        3.076923076923077
    ],
    "num_elem": [
        63,
        300,
        784,
        2300,
        3025,
        3888,
        5070,
        63,
        300,
        784,
        2300,
        3025,
        3888,
        5070,
        63,
        300,
        784,
        2300,
        3025,
        3888,
        5070,
        63,
        300,
        784,
        2300,
        3025,
        3888,
        5070,
        63,
        300,
        784,
        2300,
        3025,
        3888,
        5070,
        63,
        300,
        784,
        2300,
        3025,
        3888,
        5070
    ],
    "E": 10,
    "nu": 0.5,
    "density": 0.00102,
    "W": 40,
    "L": 90,
    "rot_y": 90,
    "rot_x": 0,
    "num_steps": 20
}